date,NIC-Liabilities-Mils,NIC-Liabilities
1980-12-03,10439,10439000000
1980-12-10,10668,10668000000
1980-12-17,10885,10885000000
1980-12-24,11063,11063000000
1980-12-31,11108,11108000000
1981-01-07,10902,10902000000
1981-01-14,10551,10551000000
1981-01-21,10285,10285000000
1981-01-28,10138,10138000000
1981-02-04,10158,10158000000
1981-02-11,10215,10215000000
1981-02-18,10152,10152000000
1981-02-25,10109,10109000000
1981-03-04,10176,10176000000
1981-03-11,10224,10224000000
1981-03-18,10139,10139000000
1981-03-25,10151,10151000000
1981-04-01,10187,10187000000
1981-04-08,10268,10268000000
1981-04-15,10269,10269000000
1981-04-22,10339,10339000000
1981-04-29,10337,10337000000
1981-05-06,10454,10454000000
1981-05-13,10616,10616000000
1981-05-20,10631,10631000000
1981-05-27,10616,10616000000
1981-06-03,10646,10646000000
1981-06-10,10727,10727000000
1981-06-17,10699,10699000000
1981-06-24,10737,10737000000
1981-07-01,10835,10835000000
1981-07-08,11077,11077000000
1981-07-15,10984,10984000000
1981-07-22,10942,10942000000
1981-07-29,10930,10930000000
1981-08-05,11008,11008000000
1981-08-12,11054,11054000000
1981-08-19,10937,10937000000
1981-08-26,10879,10879000000
1981-09-02,10938,10938000000
1981-09-09,11069,11069000000
1981-09-16,10939,10939000000
1981-09-23,10841,10841000000
1981-09-30,10793,10793000000
1981-10-07,10879,10879000000
1981-10-14,10950,10950000000
1981-10-21,10863,10863000000
1981-10-28,10789,10789000000
1981-11-04,10859,10859000000
1981-11-11,10950,10950000000
1981-11-18,10852,10852000000
1981-11-25,10791,10791000000
1981-12-02,10837,10837000000
1981-12-09,11080,11080000000
1981-12-16,11171,11171000000
1981-12-23,11514,11514000000
1981-12-30,11699,11699000000
1982-01-06,11544,11544000000
1982-01-13,11147,11147000000
1982-01-20,10845,10845000000
1982-01-27,10699,10699000000
1982-02-03,10727,10727000000
1982-02-10,10768,10768000000
1982-02-17,10689,10689000000
1982-02-24,10609,10609000000
1982-03-03,10688,10688000000
1982-03-10,10736,10736000000
1982-03-17,10614,10614000000
1982-03-24,10617,10617000000
1982-03-31,10652,10652000000
1982-04-07,10863,10863000000
1982-04-14,10954,10954000000
1982-04-21,10846,10846000000
1982-04-28,10863,10863000000
1982-05-05,10991,10991000000
1982-05-12,11128,11128000000
1982-05-19,11085,11085000000
1982-05-26,11237,11237000000
1982-06-02,11300,11300000000
1982-06-09,11371,11371000000
1982-06-16,11278,11278000000
1982-06-23,11386,11386000000
1982-06-30,11539,11539000000
1982-07-07,11767,11767000000
1982-07-14,11768,11768000000
1982-07-21,11691,11691000000
1982-07-28,11679,11679000000
1982-08-04,11756,11756000000
1982-08-11,11764,11764000000
1982-08-18,11632,11632000000
1982-08-25,11565,11565000000
1982-09-01,11583,11583000000
1982-09-08,11753,11753000000
1982-09-15,11634,11634000000
1982-09-22,11533,11533000000
1982-09-29,11527,11527000000
1982-10-06,11615,11615000000
1982-10-13,11753,11753000000
1982-10-20,11651,11651000000
1982-10-27,11589,11589000000
1982-11-03,11715,11715000000
1982-11-10,11850,11850000000
1982-11-17,11776,11776000000
1982-11-24,11694,11694000000
1982-12-01,11760,11760000000
1982-12-08,12036,12036000000
1982-12-15,12115,12115000000
1982-12-22,12552,12552000000
1982-12-29,12757,12757000000
1983-01-05,12681,12681000000
1983-01-12,12155,12155000000
1983-01-19,11732,11732000000
1983-01-26,11585,11585000000
1983-02-02,11596,11596000000
1983-02-09,11659,11659000000
1983-02-16,11580,11580000000
1983-02-23,11560,11560000000
1983-03-02,11600,11600000000
1983-03-09,11681,11681000000
1983-03-16,11599,11599000000
1983-03-23,11555,11555000000
1983-03-30,11640,11640000000
1983-04-06,11751,11751000000
1983-04-13,11752,11752000000
1983-04-20,11677,11677000000
1983-04-27,11727,11727000000
1983-05-04,11845,11845000000
1983-05-11,11979,11979000000
1983-05-18,11976,11976000000
1983-05-25,12153,12153000000
1983-06-01,12139,12139000000
1983-06-08,12261,12261000000
1983-06-15,12238,12238000000
1983-06-22,12321,12321000000
1983-06-29,12536,12536000000
1983-07-06,12785,12785000000
1983-07-13,12814,12814000000
1983-07-20,12741,12741000000
1983-07-27,12765,12765000000
1983-08-03,12906,12906000000
1983-08-10,12882,12882000000
1983-08-17,12718,12718000000
1983-08-24,12669,12669000000
1983-08-31,12789,12789000000
1983-09-07,12977,12977000000
1983-09-14,12908,12908000000
1983-09-21,12729,12729000000
1983-09-28,12727,12727000000
1983-10-05,12862,12862000000
1983-10-12,12997,12997000000
1983-10-19,12889,12889000000
1983-10-26,12826,12826000000
1983-11-02,12903,12903000000
1983-11-09,13065,13065000000
1983-11-16,13009,13009000000
1983-11-23,12914,12914000000
1983-11-30,12945,12945000000
1983-12-07,13223,13223000000
1983-12-14,13417,13417000000
1983-12-21,13804,13804000000
1983-12-28,14155,14155000000
1984-01-04,14056,14056000000
1984-01-11,13427,13427000000
1984-01-18,12913,12913000000
1984-01-25,12711,12711000000
1984-02-01,12684,12684000000
1984-02-08,12785,12785000000
1984-02-15,12698,12698000000
1984-02-22,12628,12628000000
1984-02-29,12654,12654000000
1984-03-07,12752,12752000000
1984-03-14,12731,12731000000
1984-03-21,12643,12643000000
1984-03-28,12695,12695000000
1984-04-04,12799,12799000000
1984-04-11,12954,12954000000
1984-04-18,13029,13029000000
1984-04-25,13148,13148000000
1984-05-02,13142,13142000000
1984-05-09,13264,13264000000
1984-05-16,13294,13294000000
1984-05-23,13402,13402000000
1984-05-30,13374,13374000000
1984-06-06,13461,13461000000
1984-06-13,13517,13517000000
1984-06-20,13512,13512000000
1984-06-27,13722,13722000000
1984-07-04,13982,13982000000
1984-07-11,14028,14028000000
1984-07-18,13884,13884000000
1984-07-25,13818,13818000000
1984-08-01,13912,13912000000
1984-08-08,14097,14097000000
1984-08-15,13954,13954000000
1984-08-22,13749,13749000000
1984-08-29,13825,13825000000
1984-09-05,14000,14000000000
1984-09-12,14018,14018000000
1984-09-19,13809,13809000000
1984-09-26,13789,13789000000
1984-10-03,13906,13906000000
1984-10-10,14120,14120000000
1984-10-17,13958,13958000000
1984-10-24,13799,13799000000
1984-10-31,13849,13849000000
1984-11-07,14070,14070000000
1984-11-14,14157,14157000000
1984-11-21,14017,14017000000
1984-11-28,14005,14005000000
1984-12-05,14197,14197000000
1984-12-12,14474,14474000000
1984-12-19,14920,14920000000
1984-12-26,15120,15120000000
1985-01-02,15209,15209000000
1985-01-09,14608,14608000000
1985-01-16,14039,14039000000
1985-01-23,13759,13759000000
1985-01-30,13737,13737000000
1985-02-06,13845,13845000000
1985-02-13,13849,13849000000
1985-02-20,13738,13738000000
1985-02-27,13838,13838000000
1985-03-06,13946,13946000000
1985-03-13,13948,13948000000
1985-03-20,13859,13859000000
1985-03-27,13876,13876000000
1985-04-03,14078,14078000000
1985-04-10,14226,14226000000
1985-04-17,14052,14052000000
1985-04-24,14029,14029000000
1985-05-01,14154,14154000000
1985-05-08,14372,14372000000
1985-05-15,14434,14434000000
1985-05-22,14519,14519000000
1985-05-29,14496,14496000000
1985-06-05,14595,14595000000
1985-06-12,14677,14677000000
1985-06-19,14642,14642000000
1985-06-26,14903,14903000000
1985-07-03,15201,15201000000
1985-07-10,15205,15205000000
1985-07-17,15011,15011000000
1985-07-24,14938,14938000000
1985-07-31,15033,15033000000
1985-08-07,15242,15242000000
1985-08-14,15140,15140000000
1985-08-21,14950,14950000000
1985-08-28,15017,15017000000
1985-09-04,15197,15197000000
1985-09-11,15174,15174000000
1985-09-18,14968,14968000000
1985-09-25,14932,14932000000
1985-10-02,15030,15030000000
1985-10-09,15237,15237000000
1985-10-16,15291,15291000000
1985-10-23,15136,15136000000
1985-10-30,15100,15100000000
1985-11-06,15327,15327000000
1985-11-13,15443,15443000000
1985-11-20,15285,15285000000
1985-11-27,15220,15220000000
1985-12-04,15461,15461000000
1985-12-11,15788,15788000000
1985-12-18,16238,16238000000
1985-12-25,16522,16522000000
1986-01-01,16672,16672000000
1986-01-08,16031,16031000000
1986-01-15,15332,15332000000
1986-01-22,15041,15041000000
1986-01-29,14975,14975000000
1986-02-05,15073,15073000000
1986-02-12,15076,15076000000
1986-02-19,14937,14937000000
1986-02-26,14950,14950000000
1986-03-05,15040,15040000000
1986-03-12,15046,15046000000
1986-03-19,15017,15017000000
1986-03-26,15174,15174000000
1986-04-02,15329,15329000000
1986-04-09,15356,15356000000
1986-04-16,15183,15183000000
1986-04-23,15186,15186000000
1986-04-30,15299,15299000000
1986-05-07,15537,15537000000
1986-05-14,15682,15682000000
1986-05-21,15687,15687000000
1986-05-28,15730,15730000000
1986-06-04,15758,15758000000
1986-06-11,15818,15818000000
1986-06-18,15782,15782000000
1986-06-25,16015,16015000000
1986-07-02,16295,16295000000
1986-07-09,16389,16389000000
1986-07-16,16201,16201000000
1986-07-23,16126,16126000000
1986-07-30,16257,16257000000
1986-08-06,16465,16465000000
1986-08-13,16385,16385000000
1986-08-20,16136,16136000000
1986-08-27,16272,16272000000
1986-09-03,16461,16461000000
1986-09-10,16415,16415000000
1986-09-17,16164,16164000000
1986-09-24,16144,16144000000
1986-10-01,16204,16204000000
1986-10-08,16417,16417000000
1986-10-15,16504,16504000000
1986-10-22,16275,16275000000
1986-10-29,16205,16205000000
1986-11-05,16384,16384000000
1986-11-12,16555,16555000000
1986-11-19,16435,16435000000
1986-11-26,16362,16362000000
1986-12-03,16657,16657000000
1986-12-10,17017,17017000000
1986-12-17,17329,17329000000
1986-12-24,17824,17824000000
1986-12-31,17911,17911000000
1987-01-07,17387,17387000000
1987-01-14,16578,16578000000
1987-01-21,16219,16219000000
1987-01-28,16158,16158000000
1987-02-04,16223,16223000000
1987-02-11,16243,16243000000
1987-02-18,16135,16135000000
1987-02-25,16160,16160000000
1987-03-04,16236,16236000000
1987-03-11,16281,16281000000
1987-03-18,16122,16122000000
1987-03-25,16111,16111000000
1987-04-01,16161,16161000000
1987-04-08,16329,16329000000
1987-04-15,16459,16459000000
1987-04-22,16499,16499000000
1987-04-29,16467,16467000000
1987-05-06,16649,16649000000
1987-05-13,16777,16777000000
1987-05-20,16867,16867000000
1987-05-27,16872,16872000000
1987-06-03,16937,16937000000
1987-06-10,17056,17056000000
1987-06-17,17114,17114000000
1987-06-24,17393,17393000000
1987-07-01,17671,17671000000
1987-07-08,17762,17762000000
1987-07-15,17576,17576000000
1987-07-22,17481,17481000000
1987-07-29,17575,17575000000
1987-08-05,17765,17765000000
1987-08-12,17763,17763000000
1987-08-19,17547,17547000000
1987-08-26,17559,17559000000
1987-09-02,17715,17715000000
1987-09-09,17953,17953000000
1987-09-16,17748,17748000000
1987-09-23,17515,17515000000
1987-09-30,17527,17527000000
1987-10-07,17792,17792000000
1987-10-14,17853,17853000000
1987-10-21,17754,17754000000
1987-10-28,17640,17640000000
1987-11-04,17759,17759000000
1987-11-11,17905,17905000000
1987-11-18,17872,17872000000
1987-11-25,17795,17795000000
1987-12-02,17927,17927000000
1987-12-09,18386,18386000000
1987-12-16,18675,18675000000
1987-12-23,19204,19204000000
1987-12-30,19602,19602000000
1988-01-06,19155,19155000000
1988-01-13,18167,18167000000
1988-01-20,17576,17576000000
1988-01-27,17445,17445000000
1988-02-03,17522,17522000000
1988-02-10,17560,17560000000
1988-02-17,17486,17486000000
1988-02-24,17471,17471000000
1988-03-02,17496,17496000000
1988-03-09,17594,17594000000
1988-03-16,17426,17426000000
1988-03-23,17419,17419000000
1988-03-30,17536,17536000000
1988-04-06,17737,17737000000
1988-04-13,17715,17715000000
1988-04-20,17597,17597000000
1988-04-27,17620,17620000000
1988-05-04,17837,17837000000
1988-05-11,17995,17995000000
1988-05-18,18102,18102000000
1988-05-25,18359,18359000000
1988-06-01,18306,18306000000
1988-06-08,18368,18368000000
1988-06-15,18317,18317000000
1988-06-22,18345,18345000000
1988-06-29,18731,18731000000
1988-07-06,19030,19030000000
1988-07-13,18945,18945000000
1988-07-20,18793,18793000000
1988-07-27,18960,18960000000
1988-08-03,19157,19157000000
1988-08-10,19064,19064000000
1988-08-17,18826,18826000000
1988-08-24,18727,18727000000
1988-08-31,18926,18926000000
1988-09-07,19245,19245000000
1988-09-14,19072,19072000000
1988-09-21,18839,18839000000
1988-09-28,18860,18860000000
1988-10-05,18992,18992000000
1988-10-12,19262,19262000000
1988-10-19,19031,19031000000
1988-10-26,18938,18938000000
1988-11-02,19016,19016000000
1988-11-09,19196,19196000000
1988-11-16,19202,19202000000
1988-11-23,19120,19120000000
1988-11-30,19234,19234000000
1988-12-07,19494,19494000000
1988-12-14,19870,19870000000
1988-12-21,20409,20409000000
1988-12-28,20990,20990000000
1989-01-04,20754,20754000000
1989-01-11,19720,19720000000
1989-01-18,18943,18943000000
1989-01-25,18720,18720000000
1989-02-01,18727,18727000000
1989-02-08,18807,18807000000
1989-02-15,18681,18681000000
1989-02-22,18600,18600000000
1989-03-01,18616,18616000000
1989-03-08,18740,18740000000
1989-03-15,18670,18670000000
1989-03-22,18691,18691000000
1989-03-29,18768,18768000000
1989-04-05,18750,18750000000
1989-04-12,18773,18773000000
1989-04-19,18670,18670000000
1989-04-26,18733,18733000000
1989-05-03,18984,18984000000
1989-05-10,19130,19130000000
1989-05-17,19296,19296000000
1989-05-24,19520,19520000000
1989-05-31,19523,19523000000
1989-06-07,19564,19564000000
1989-06-14,19558,19558000000
1989-06-21,19581,19581000000
1989-06-28,19989,19989000000
1989-07-05,20422,20422000000
1989-07-12,20276,20276000000
1989-07-19,20034,20034000000
1989-07-26,20022,20022000000
1989-08-02,20173,20173000000
1989-08-09,20383,20383000000
1989-08-16,20129,20129000000
1989-08-23,19880,19880000000
1989-08-30,19995,19995000000
1989-09-06,20325,20325000000
1989-09-13,20143,20143000000
1989-09-20,19926,19926000000
1989-09-27,19934,19934000000
1989-10-04,20138,20138000000
1989-10-11,20379,20379000000
1989-10-18,20133,20133000000
1989-10-25,19907,19907000000
1989-11-01,19926,19926000000
1989-11-08,20128,20128000000
1989-11-15,20248,20248000000
1989-11-22,20084,20084000000
1989-11-29,20074,20074000000
1989-12-06,20400,20400000000
1989-12-13,20769,20769000000
1989-12-20,21406,21406000000
1989-12-27,22051,22051000000
1990-01-03,21863,21863000000
1990-01-10,20744,20744000000
1990-01-17,19977,19977000000
1990-01-24,19664,19664000000
1990-01-31,19622,19622000000
1990-02-07,19731,19731000000
1990-02-14,19651,19651000000
1990-02-21,19573,19573000000
1990-02-28,19628,19628000000
1990-03-07,19738,19738000000
1990-03-14,19635,19635000000
1990-03-21,19486,19486000000
1990-03-28,19543,19543000000
1990-04-04,19728,19728000000
1990-04-11,20031,20031000000
1990-04-18,20043,20043000000
1990-04-25,19938,19938000000
1990-05-02,19949,19949000000
1990-05-09,20092,20092000000
1990-05-16,20219,20219000000
1990-05-23,20447,20447000000
1990-05-30,20396,20396000000
1990-06-06,20465,20465000000
1990-06-13,20434,20434000000
1990-06-20,20454,20454000000
1990-06-27,20789,20789000000
1990-07-04,21185,21185000000
1990-07-11,21138,21138000000
1990-07-18,20903,20903000000
1990-07-25,20824,20824000000
1990-08-01,20997,20997000000
1990-08-08,21244,21244000000
1990-08-15,20968,20968000000
1990-08-22,20705,20705000000
1990-08-29,20867,20867000000
1990-09-05,21154,21154000000
1990-09-12,20993,20993000000
1990-09-19,20670,20670000000
1990-09-26,20688,20688000000
1990-10-03,20906,20906000000
1990-10-10,21174,21174000000
1990-10-17,20814,20814000000
1990-10-24,20600,20600000000
1990-10-31,20618,20618000000
1990-11-07,20903,20903000000
1990-11-14,21077,21077000000
1990-11-21,20881,20881000000
1990-11-28,20898,20898000000
1990-12-05,21152,21152000000
1990-12-12,21498,21498000000
1990-12-19,22117,22117000000
1990-12-26,22749,22749000000
1991-01-02,22854,22854000000
1991-01-09,21789,21789000000
1991-01-16,20821,20821000000
1991-01-23,20567,20567000000
1991-01-30,20530,20530000000
1991-02-06,20623,20623000000
1991-02-13,20563,20563000000
1991-02-20,20477,20477000000
1991-02-27,20487,20487000000
1991-03-06,20608,20608000000
1991-03-13,20559,20559000000
1991-03-20,20454,20454000000
1991-03-27,20720,20720000000
1991-04-03,20920,20920000000
1991-04-10,20771,20771000000
1991-04-17,20561,20561000000
1991-04-24,20634,20634000000
1991-05-01,20880,20880000000
1991-05-08,21078,21078000000
1991-05-15,21282,21282000000
1991-05-22,21532,21532000000
1991-05-29,21457,21457000000
1991-06-05,21545,21545000000
1991-06-12,21524,21524000000
1991-06-19,21527,21527000000
1991-06-26,21920,21920000000
1991-07-03,22397,22397000000
1991-07-10,22261,22261000000
1991-07-17,22005,22005000000
1991-07-24,21966,21966000000
1991-07-31,22175,22175000000
1991-08-07,22534,22534000000
1991-08-14,22303,22303000000
1991-08-21,21968,21968000000
1991-08-28,22232,22232000000
1991-09-04,22508,22508000000
1991-09-11,22309,22309000000
1991-09-18,22059,22059000000
1991-09-25,22090,22090000000
1991-10-02,22240,22240000000
1991-10-09,22338,22338000000
1991-10-16,22451,22451000000
1991-10-23,22124,22124000000
1991-10-30,22051,22051000000
1991-11-06,22360,22360000000
1991-11-13,22620,22620000000
1991-11-20,22393,22393000000
1991-11-27,22455,22455000000
1991-12-04,22708,22708000000
1991-12-11,23079,23079000000
1991-12-18,23714,23714000000
1991-12-25,24399,24399000000
1992-01-01,24481,24481000000
1992-01-08,23504,23504000000
1992-01-15,22544,22544000000
1992-01-22,21995,21995000000
1992-01-29,21912,21912000000
1992-02-05,22050,22050000000
1992-02-12,22059,22059000000
1992-02-19,21971,21971000000
1992-02-26,22023,22023000000
1992-03-04,22127,22127000000
1992-03-11,22092,22092000000
1992-03-18,21945,21945000000
1992-03-25,21942,21942000000
1992-04-01,22022,22022000000
1992-04-08,22141,22141000000
1992-04-15,22348,22348000000
1992-04-22,22467,22467000000
1992-04-29,22432,22432000000
1992-05-06,22585,22585000000
1992-05-13,22767,22767000000
1992-05-20,22955,22955000000
1992-05-27,22878,22878000000
1992-06-03,22920,22920000000
1992-06-10,22957,22957000000
1992-06-17,22838,22838000000
1992-06-24,23096,23096000000
1992-07-01,23547,23547000000
1992-07-08,23697,23697000000
1992-07-15,23490,23490000000
1992-07-22,23369,23369000000
1992-07-29,23593,23593000000
1992-08-05,23923,23923000000
1992-08-12,23774,23774000000
1992-08-19,23426,23426000000
1992-08-26,23439,23439000000
1992-09-02,23796,23796000000
1992-09-09,24096,24096000000
1992-09-16,23743,23743000000
1992-09-23,23464,23464000000
1992-09-30,23553,23553000000
1992-10-07,23874,23874000000
1992-10-14,23991,23991000000
1992-10-21,23547,23547000000
1992-10-28,23535,23535000000
1992-11-04,23726,23726000000
1992-11-11,24017,24017000000
1992-11-18,23773,23773000000
1992-11-25,23773,23773000000
1992-12-02,23951,23951000000
1992-12-09,24300,24300000000
1992-12-16,24618,24618000000
1992-12-23,25454,25454000000
1992-12-30,25779,25779000000
1993-01-06,25157,25157000000
1993-01-13,24022,24022000000
1993-01-20,23473,23473000000
1993-01-27,23363,23363000000
1993-02-03,23424,23424000000
1993-02-10,23354,23354000000
1993-02-17,23134,23134000000
1993-02-24,23146,23146000000
1993-03-03,23286,23286000000
1993-03-10,23218,23218000000
1993-03-17,23037,23037000000
1993-03-24,22970,22970000000
1993-03-31,23123,23123000000
1993-04-07,23584,23584000000
1993-04-14,23572,23572000000
1993-04-21,23320,23320000000
1993-04-28,23482,23482000000
1993-05-05,23725,23725000000
1993-05-12,23832,23832000000
1993-05-19,23944,23944000000
1993-05-26,24383,24383000000
1993-06-02,24291,24291000000
1993-06-09,24276,24276000000
1993-06-16,24184,24184000000
1993-06-23,24369,24369000000
1993-06-30,24909,24909000000
1993-07-07,25029,25029000000
1993-07-14,24861,24861000000
1993-07-21,24777,24777000000
1993-07-28,25071,25071000000
1993-08-04,25368,25368000000
1993-08-11,25119,25119000000
1993-08-18,24811,24811000000
1993-08-25,24894,24894000000
1993-09-01,25205,25205000000
1993-09-08,25544,25544000000
1993-09-15,25105,25105000000
1993-09-22,24770,24770000000
1993-09-29,24912,24912000000
1993-10-06,25214,25214000000
1993-10-13,25426,25426000000
1993-10-20,25029,25029000000
1993-10-27,25084,25084000000
1993-11-03,25185,25185000000
1993-11-10,25404,25404000000
1993-11-17,25088,25088000000
1993-11-24,25068,25068000000
1993-12-01,25203,25203000000
1993-12-08,25513,25513000000
1993-12-15,25716,25716000000
1993-12-22,26616,26616000000
1993-12-29,27383,27383000000
1994-01-05,26918,26918000000
1994-01-12,25571,25571000000
1994-01-19,24966,24966000000
1994-01-26,24853,24853000000
1994-02-02,24896,24896000000
1994-02-09,24890,24890000000
1994-02-16,24715,24715000000
1994-02-23,24759,24759000000
1994-03-02,24869,24869000000
1994-03-09,24866,24866000000
1994-03-16,24668,24668000000
1994-03-23,24578,24578000000
1994-03-30,25086,25086000000
1994-04-06,25202,25202000000
1994-04-13,24969,24969000000
1994-04-20,24900,24900000000
1994-04-27,25161,25161000000
1994-05-04,25390,25390000000
1994-05-11,25461,25461000000
1994-05-18,25592,25592000000
1994-05-25,25999,25999000000
1994-06-01,25861,25861000000
1994-06-08,25863,25863000000
1994-06-15,25694,25694000000
1994-06-22,25806,25806000000
1994-06-29,26503,26503000000
1994-07-06,26560,26560000000
1994-07-13,26321,26321000000
1994-07-20,26199,26199000000
1994-07-27,26515,26515000000
1994-08-03,26820,26820000000
1994-08-10,26483,26483000000
1994-08-17,26163,26163000000
1994-08-24,26110,26110000000
1994-08-31,26561,26561000000
1994-09-07,26880,26880000000
1994-09-14,26341,26341000000
1994-09-21,26000,26000000000
1994-09-28,26114,26114000000
1994-10-05,26463,26463000000
1994-10-12,26661,26661000000
1994-10-19,26180,26180000000
1994-10-26,26181,26181000000
1994-11-02,26304,26304000000
1994-11-09,26568,26568000000
1994-11-16,26196,26196000000
1994-11-23,26024,26024000000
1994-11-30,26258,26258000000
1994-12-07,26600,26600000000
1994-12-14,26786,26786000000
1994-12-21,27636,27636000000
1994-12-28,28466,28466000000
1995-01-04,27834,27834000000
1995-01-11,26435,26435000000
1995-01-18,25774,25774000000
1995-01-25,25618,25618000000
1995-02-01,25759,25759000000
1995-02-08,25768,25768000000
1995-02-15,25532,25532000000
1995-02-22,25476,25476000000
1995-03-01,25607,25607000000
1995-03-08,25551,25551000000
1995-03-15,25387,25387000000
1995-03-22,25232,25232000000
1995-03-29,25446,25446000000
1995-04-05,25672,25672000000
1995-04-12,26169,26169000000
1995-04-19,26007,26007000000
1995-04-26,25916,25916000000
1995-05-03,26064,26064000000
1995-05-10,26056,26056000000
1995-05-17,26146,26146000000
1995-05-24,26502,26502000000
1995-05-31,26416,26416000000
1995-06-07,26462,26462000000
1995-06-14,26324,26324000000
1995-06-21,26289,26289000000
1995-06-28,26904,26904000000
1995-07-05,27352,27352000000
1995-07-12,26914,26914000000
1995-07-19,26653,26653000000
1995-07-26,26761,26761000000
1995-08-02,27162,27162000000
1995-08-09,27313,27313000000
1995-08-16,26750,26750000000
1995-08-23,26578,26578000000
1995-08-30,27115,27115000000
1995-09-06,27337,27337000000
1995-09-13,26738,26738000000
1995-09-20,26366,26366000000
1995-09-27,26516,26516000000
1995-10-04,26866,26866000000
1995-10-11,27035,27035000000
1995-10-18,26476,26476000000
1995-10-25,26453,26453000000
1995-11-01,26840,26840000000
1995-11-08,26839,26839000000
1995-11-15,26866,26866000000
1995-11-22,26416,26416000000
1995-11-29,26584,26584000000
1995-12-06,26877,26877000000
1995-12-13,27074,27074000000
1995-12-20,27965,27965000000
1995-12-27,28824,28824000000
1996-01-03,28177,28177000000
1996-01-10,26780,26780000000
1996-01-17,26155,26155000000
1996-01-24,25921,25921000000
1996-01-31,26111,26111000000
1996-02-07,26146,26146000000
1996-02-14,25962,25962000000
1996-02-21,25888,25888000000
1996-02-28,26006,26006000000
1996-03-06,26043,26043000000
1996-03-13,25827,25827000000
1996-03-20,25636,25636000000
1996-03-27,25852,25852000000
1996-04-03,26512,26512000000
1996-04-10,26338,26338000000
1996-04-17,25951,25951000000
1996-04-24,26001,26001000000
1996-05-01,26365,26365000000
1996-05-08,26427,26427000000
1996-05-15,26522,26522000000
1996-05-22,26761,26761000000
1996-05-29,26636,26636000000
1996-06-05,26760,26760000000
1996-06-12,26654,26654000000
1996-06-19,26642,26642000000
1996-06-26,27244,27244000000
1996-07-03,27688,27688000000
1996-07-10,27251,27251000000
1996-07-17,27020,27020000000
1996-07-24,26993,26993000000
1996-07-31,27428,27428000000
1996-08-07,27717,27717000000
1996-08-14,27207,27207000000
1996-08-21,26917,26917000000
1996-08-28,27352,27352000000
1996-09-04,27693,27693000000
1996-09-11,27240,27240000000
1996-09-18,26900,26900000000
1996-09-25,26975,26975000000
1996-10-02,27200,27200000000
1996-10-09,27338,27338000000
1996-10-16,27418,27418000000
1996-10-23,27110,27110000000
1996-10-30,27097,27097000000
1996-11-06,27326,27326000000
1996-11-13,27396,27396000000
1996-11-20,26935,26935000000
1996-11-27,27054,27054000000
1996-12-04,27347,27347000000
1996-12-11,27534,27534000000
1996-12-18,28209,28209000000
1996-12-25,29319,29319000000
1997-01-01,29109,29109000000
1997-01-08,27734,27734000000
1997-01-15,26948,26948000000
1997-01-22,26645,26645000000
1997-01-29,26749,26749000000
1997-02-05,26853,26853000000
1997-02-12,26703,26703000000
1997-02-19,26536,26536000000
1997-02-26,26674,26674000000
1997-03-05,26755,26755000000
1997-03-12,26607,26607000000
1997-03-19,26480,26480000000
1997-03-26,27208,27208000000
1997-04-02,27108,27108000000
1997-04-09,26915,26915000000
1997-04-16,26772,26772000000
1997-04-23,26922,26922000000
1997-04-30,27349,27349000000
1997-05-07,27481,27481000000
1997-05-14,27599,27599000000
1997-05-21,27839,27839000000
1997-05-28,27672,27672000000
1997-06-04,27820,27820000000
1997-06-11,27755,27755000000
1997-06-18,27700,27700000000
1997-06-25,28168,28168000000
1997-07-02,28773,28773000000
1997-07-09,28373,28373000000
1997-07-16,28136,28136000000
1997-07-23,28096,28096000000
1997-07-30,28579,28579000000
1997-08-06,28919,28919000000
1997-08-13,28416,28416000000
1997-08-20,28174,28174000000
1997-08-27,28634,28634000000
1997-09-03,28980,28980000000
1997-09-10,28472,28472000000
1997-09-17,28173,28173000000
1997-09-24,28201,28201000000
1997-10-01,28478,28478000000
1997-10-08,28641,28641000000
1997-10-15,28763,28763000000
1997-10-22,28284,28284000000
1997-10-29,28393,28393000000
1997-11-05,28591,28591000000
1997-11-12,28885,28885000000
1997-11-19,28483,28483000000
1997-11-26,28621,28621000000
1997-12-03,28901,28901000000
1997-12-10,29103,29103000000
1997-12-17,29622,29622000000
1997-12-24,31071,31071000000
1997-12-31,30542,30542000000
1998-01-07,29379,29379000000
1998-01-14,28815,28815000000
1998-01-21,28417,28417000000
1998-01-28,28520,28520000000
1998-02-04,28591,28591000000
1998-02-11,28431,28431000000
1998-02-18,28268,28268000000
1998-02-25,28374,28374000000
1998-03-04,28448,28448000000
1998-03-11,28295,28295000000
1998-03-18,28143,28143000000
1998-03-25,28230,28230000000
1998-04-01,28523,28523000000
1998-04-08,29083,29083000000
1998-04-15,28729,28729000000
1998-04-22,28504,28504000000
1998-04-29,28831,28831000000
1998-05-06,29015,29015000000
1998-05-13,29217,29217000000
1998-05-20,29517,29517000000
1998-05-27,29367,29367000000
1998-06-03,29496,29496000000
1998-06-10,29463,29463000000
1998-06-17,29394,29394000000
1998-06-24,29707,29707000000
1998-07-01,30364,30364000000
1998-07-08,30163,30163000000
1998-07-15,30005,30005000000
1998-07-22,29979,29979000000
1998-07-29,30354,30354000000
1998-08-05,30774,30774000000
1998-08-12,30388,30388000000
1998-08-19,30134,30134000000
1998-08-26,30244,30244000000
1998-09-02,30705,30705000000
1998-09-09,30962,30962000000
1998-09-16,30385,30385000000
1998-09-23,30196,30196000000
1998-09-30,30439,30439000000
1998-10-07,30643,30643000000
1998-10-14,30761,30761000000
1998-10-21,30344,30344000000
1998-10-28,30412,30412000000
1998-11-04,30577,30577000000
1998-11-11,30880,30880000000
1998-11-18,30458,30458000000
1998-11-25,30501,30501000000
1998-12-02,30824,30824000000
1998-12-09,30974,30974000000
1998-12-16,31367,31367000000
1998-12-23,32756,32756000000
1998-12-30,32933,32933000000
1999-01-06,31667,31667000000
1999-01-13,30627,30627000000
1999-01-20,30297,30297000000
1999-01-27,30315,30315000000
1999-02-03,30398,30398000000
1999-02-10,30266,30266000000
1999-02-17,30109,30109000000
1999-02-24,30165,30165000000
1999-03-03,30266,30266000000
1999-03-10,30135,30135000000
1999-03-17,30043,30043000000
1999-03-24,30055,30055000000
1999-03-31,30882,30882000000
1999-04-07,30710,30710000000
1999-04-14,30391,30391000000
1999-04-21,30341,30341000000
1999-04-28,30693,30693000000
1999-05-05,30916,30916000000
1999-05-12,30867,30867000000
1999-05-19,31128,31128000000
1999-05-26,31619,31619000000
1999-06-02,31483,31483000000
1999-06-09,31372,31372000000
1999-06-16,31332,31332000000
1999-06-23,31509,31509000000
1999-06-30,32351,32351000000
1999-07-07,32095,32095000000
1999-07-14,31873,31873000000
1999-07-21,31843,31843000000
1999-07-28,32328,32328000000
1999-08-04,32711,32711000000
1999-08-11,32316,32316000000
1999-08-18,32032,32032000000
1999-08-25,32084,32084000000
1999-09-01,32633,32633000000
1999-09-08,32951,32951000000
1999-09-15,32387,32387000000
1999-09-22,32183,32183000000
1999-09-29,32412,32412000000
1999-10-06,32769,32769000000
1999-10-13,32909,32909000000
1999-10-20,32452,32452000000
1999-10-27,32546,32546000000
1999-11-03,32828,32828000000
1999-11-10,33323,33323000000
1999-11-17,33086,33086000000
1999-11-24,33314,33314000000
1999-12-01,34103,34103000000
1999-12-08,34745,34745000000
1999-12-15,35647,35647000000
1999-12-22,37910,37910000000
1999-12-29,40002,40002000000
2000-01-05,38740,38740000000
2000-01-12,35079,35079000000
2000-01-19,33421,33421000000
2000-01-26,33049,33049000000
2000-02-02,32999,32999000000
2000-02-09,32741,32741000000
2000-02-16,32480,32480000000
2000-02-23,32430,32430000000
2000-03-01,32523,32523000000
2000-03-08,32368,32368000000
2000-03-15,32152,32152000000
2000-03-22,32055,32055000000
2000-03-29,32268,32268000000
2000-04-05,32413,32413000000
2000-04-12,32325,32325000000
2000-04-19,32965,32965000000
2000-04-26,32956,32956000000
2000-05-03,32905,32905000000
2000-05-10,32847,32847000000
2000-05-17,33037,33037000000
2000-05-24,33410,33410000000
2000-05-31,33314,33314000000
2000-06-07,33237,33237000000
2000-06-14,33082,33082000000
2000-06-21,33118,33118000000
2000-06-28,33756,33756000000
2000-07-05,34139,34139000000
2000-07-12,33737,33737000000
2000-07-19,33543,33543000000
2000-07-26,33669,33669000000
2000-08-02,34150,34150000000
2000-08-09,34283,34283000000
2000-08-16,33701,33701000000
2000-08-23,33638,33638000000
2000-08-30,34201,34201000000
2000-09-06,34661,34661000000
2000-09-13,34072,34072000000
2000-09-20,33720,33720000000
2000-09-27,33815,33815000000
2000-10-04,34139,34139000000
2000-10-11,34325,34325000000
2000-10-18,33807,33807000000
2000-10-25,33758,33758000000
2000-11-01,34038,34038000000
2000-11-08,34227,34227000000
2000-11-15,34316,34316000000
2000-11-22,33891,33891000000
2000-11-29,34222,34222000000
2000-12-06,34561,34561000000
2000-12-13,34780,34780000000
2000-12-20,35802,35802000000
2000-12-27,36809,36809000000
2001-01-03,36099,36099000000
2001-01-10,34486,34486000000
2001-01-17,33723,33723000000
2001-01-24,33579,33579000000
2001-01-31,33760,33760000000
2001-02-07,33771,33771000000
2001-02-14,33719,33719000000
2001-02-21,33627,33627000000
2001-02-28,33822,33822000000
2001-03-07,33834,33834000000
2001-03-14,33687,33687000000
2001-03-21,33585,33585000000
2001-03-28,33860,33860000000
2001-04-04,34121,34121000000
2001-04-11,34805,34805000000
2001-04-18,34462,34462000000
2001-04-25,34334,34334000000
2001-05-02,34622,34622000000
2001-05-09,34687,34687000000
2001-05-16,35002,35002000000
2001-05-23,35428,35428000000
2001-05-30,35409,35409000000
2001-06-06,35266,35266000000
2001-06-13,35052,35052000000
2001-06-20,35044,35044000000
2001-06-27,35621,35621000000
2001-07-04,36024,36024000000
2001-07-11,35592,35592000000
2001-07-18,35381,35381000000
2001-07-25,35542,35542000000
2001-08-01,36115,36115000000
2001-08-08,36350,36350000000
2001-08-15,35815,35815000000
2001-08-22,35551,35551000000
2001-08-29,36004,36004000000
2001-09-05,36350,36350000000
2001-09-12,35998,35998000000
2001-09-19,35671,35671000000
2001-09-26,35792,35792000000
2001-10-03,36289,36289000000
2001-10-10,36460,36460000000
2001-10-17,35925,35925000000
2001-10-24,35746,35746000000
2001-10-31,36095,36095000000
2001-11-07,36300,36300000000
2001-11-14,36463,36463000000
2001-11-21,36059,36059000000
2001-11-28,36233,36233000000
2001-12-05,36588,36588000000
2001-12-12,36846,36846000000
2001-12-19,37635,37635000000
2001-12-26,38945,38945000000
2002-01-02,38559,38559000000
2002-01-09,36802,36802000000
2002-01-16,36048,36048000000
2002-01-23,35775,35775000000
2002-01-30,35909,35909000000
2002-02-06,35988,35988000000
2002-02-13,35883,35883000000
2002-02-20,35805,35805000000
2002-02-27,35925,35925000000
2002-03-06,36053,36053000000
2002-03-13,35872,35872000000
2002-03-20,35793,35793000000
2002-03-27,36675,36675000000
2002-04-03,36466,36466000000
2002-04-10,36175,36175000000
2002-04-17,36131,36131000000
2002-04-24,36219,36219000000
2002-05-01,36674,36674000000
2002-05-08,36678,36678000000
2002-05-15,36848,36848000000
2002-05-22,37158,37158000000
2002-05-29,36964,36964000000
2002-06-05,37057,37057000000
2002-06-12,37121,37121000000
2002-06-19,37370,37370000000
2002-06-26,38148,38148000000
2002-07-03,38655,38655000000
2002-07-10,38257,38257000000
2002-07-17,38363,38363000000
2002-07-24,38497,38497000000
2002-07-31,39090,39090000000
2002-08-07,39390,39390000000
2002-08-14,38968,38968000000
2002-08-21,38719,38719000000
2002-08-28,39062,39062000000
2002-09-04,39400,39400000000
2002-09-11,38852,38852000000
2002-09-18,38610,38610000000
2002-09-25,38697,38697000000
2002-10-02,38951,38951000000
2002-10-09,39065,39065000000
2002-10-16,39301,39301000000
2002-10-23,38639,38639000000
2002-10-30,38601,38601000000
2002-11-06,38742,38742000000
2002-11-13,38808,38808000000
2002-11-20,38378,38378000000
2002-11-27,38541,38541000000
2002-12-04,38871,38871000000
2002-12-11,39075,39075000000
2002-12-18,39773,39773000000
2002-12-25,41410,41410000000
2003-01-01,41147,41147000000
2003-01-08,39421,39421000000
2003-01-15,38435,38435000000
2003-01-22,38099,38099000000
2003-01-29,38191,38191000000
2003-02-05,38296,38296000000
2003-02-12,38117,38117000000
2003-02-19,37977,37977000000
2003-02-26,38047,38047000000
2003-03-05,38169,38169000000
2003-03-12,37977,37977000000
2003-03-19,37803,37803000000
2003-03-26,37926,37926000000
2003-04-02,38224,38224000000
2003-04-09,38197,38197000000
2003-04-16,38845,38845000000
2003-04-23,38567,38567000000
2003-04-30,38627,38627000000
2003-05-07,38701,38701000000
2003-05-14,38812,38812000000
2003-05-21,39108,39108000000
2003-05-28,38882,38882000000
2003-06-04,38989,38989000000
2003-06-11,38852,38852000000
2003-06-18,38846,38846000000
2003-06-25,39342,39342000000
2003-07-02,40079,40079000000
2003-07-09,39671,39671000000
2003-07-16,39391,39391000000
2003-07-23,39325,39325000000
2003-07-30,39832,39832000000
2003-08-06,40203,40203000000
2003-08-13,39669,39669000000
2003-08-20,39761,39761000000
2003-08-27,40058,40058000000
2003-09-03,40477,40477000000
2003-09-10,39861,39861000000
2003-09-17,39554,39554000000
2003-09-24,39543,39543000000
2003-10-01,39889,39889000000
2003-10-08,40035,40035000000
2003-10-15,40131,40131000000
2003-10-22,39694,39694000000
2003-10-29,39841,39841000000
2003-11-05,39989,39989000000
2003-11-12,40196,40196000000
2003-11-19,39718,39718000000
2003-11-26,39725,39725000000
2003-12-03,40095,40095000000
2003-12-10,40209,40209000000
2003-12-17,40743,40743000000
2003-12-24,42552,42552000000
2003-12-31,42191,42191000000
2004-01-07,40688,40688000000
2004-01-14,39670,39670000000
2004-01-21,39349,39349000000
2004-01-28,39387,39387000000
2004-02-04,39517,39517000000
2004-02-11,39280,39280000000
2004-02-18,39118,39118000000
2004-02-25,39233,39233000000
2004-03-03,39460,39460000000
2004-03-10,39314,39314000000
2004-03-17,39179,39179000000
2004-03-24,39200,39200000000
2004-03-31,39509,39509000000
2004-04-07,40224,40224000000
2004-04-14,39793,39793000000
2004-04-21,39557,39557000000
2004-04-28,39858,39858000000
2004-05-05,40148,40148000000
2004-05-12,40133,40133000000
2004-05-19,40441,40441000000
2004-05-26,40960,40960000000
2004-06-02,40900,40900000000
2004-06-09,40832,40832000000
2004-06-16,40749,40749000000
2004-06-23,41013,41013000000
2004-06-30,42080,42080000000
2004-07-07,41700,41700000000
2004-07-14,41405,41405000000
2004-07-21,41308,41308000000
2004-07-28,41622,41622000000
2004-08-04,42096,42096000000
2004-08-11,41606,41606000000
2004-08-18,41377,41377000000
2004-08-25,41354,41354000000
2004-09-01,41896,41896000000
2004-09-08,42191,42191000000
2004-09-15,41556,41556000000
2004-09-22,41367,41367000000
2004-09-29,41678,41678000000
2004-10-06,42031,42031000000
2004-10-13,42210,42210000000
2004-10-20,41586,41586000000
2004-10-27,41549,41549000000
2004-11-03,41731,41731000000
2004-11-10,42077,42077000000
2004-11-17,41596,41596000000
2004-11-24,41431,41431000000
2004-12-01,41792,41792000000
2004-12-08,41992,41992000000
2004-12-15,42263,42263000000
2004-12-22,43362,43362000000
2004-12-29,44400,44400000000
2005-01-05,43480,43480000000
2005-01-12,41936,41936000000
2005-01-19,41331,41331000000
2005-01-26,41258,41258000000
2005-02-02,41447,41447000000
2005-02-09,41379,41379000000
2005-02-16,41206,41206000000
2005-02-23,41268,41268000000
2005-03-02,41498,41498000000
2005-03-09,41393,41393000000
2005-03-16,41191,41191000000
2005-03-23,41760,41760000000
2005-03-30,41627,41627000000
2005-04-06,41507,41507000000
2005-04-13,41390,41390000000
2005-04-20,41405,41405000000
2005-04-27,41739,41739000000
2005-05-04,42099,42099000000
2005-05-11,42119,42119000000
2005-05-18,42354,42354000000
2005-05-25,42912,42912000000
2005-06-01,42817,42817000000
2005-06-08,42803,42803000000
2005-06-15,42633,42633000000
2005-06-22,42813,42813000000
2005-06-29,43839,43839000000
2005-07-06,43546,43546000000
2005-07-13,43317,43317000000
2005-07-20,43175,43175000000
2005-07-27,43632,43632000000
2005-08-03,44115,44115000000
2005-08-10,43597,43597000000
2005-08-17,43324,43324000000
2005-08-24,43198,43198000000
2005-08-31,43784,43784000000
2005-09-07,44206,44206000000
2005-09-14,43466,43466000000
2005-09-21,43196,43196000000
2005-09-28,43400,43400000000
2005-10-05,43764,43764000000
2005-10-12,44036,44036000000
2005-10-19,43437,43437000000
2005-10-26,43351,43351000000
2005-11-02,43600,43600000000
2005-11-09,43993,43993000000
2005-11-16,43602,43602000000
2005-11-23,43410,43410000000
2005-11-30,43788,43788000000
2005-12-07,44113,44113000000
2005-12-14,44242,44242000000
2005-12-21,45294,45294000000
2005-12-28,46257,46257000000
2006-01-04,45323,45323000000
2006-01-11,43857,43857000000
2006-01-18,43255,43255000000
2006-01-25,43170,43170000000
2006-02-01,43510,43510000000
2006-02-08,43479,43479000000
2006-02-15,43196,43196000000
2006-02-22,43157,43157000000
2006-03-01,43364,43364000000
2006-03-08,43299,43299000000
2006-03-15,43146,43146000000
2006-03-22,43037,43037000000
2006-03-29,43276,43276000000
2006-04-05,43640,43640000000
2006-04-12,44407,44407000000
2006-04-19,44021,44021000000
2006-04-26,43977,43977000000
2006-05-03,44258,44258000000
2006-05-10,44218,44218000000
2006-05-17,44391,44391000000
2006-05-24,44819,44819000000
2006-05-31,44717,44717000000
2006-06-07,44689,44689000000
2006-06-14,44608,44608000000
2006-06-21,44720,44720000000
2006-06-28,45296,45296000000
2006-07-05,45824,45824000000
2006-07-12,45332,45332000000
2006-07-19,45196,45196000000
2006-07-26,45283,45283000000
2006-08-02,45844,45844000000
2006-08-09,46072,46072000000
2006-08-16,45471,45471000000
2006-08-23,45324,45324000000
2006-08-30,45770,45770000000
2006-09-06,46269,46269000000
2006-09-13,45612,45612000000
2006-09-20,45372,45372000000
2006-09-27,45531,45531000000
2006-10-04,46024,46024000000
2006-10-11,46286,46286000000
2006-10-18,45724,45724000000
2006-10-25,45647,45647000000
2006-11-01,45977,45977000000
2006-11-08,46107,46107000000
2006-11-15,46285,46285000000
2006-11-22,45803,45803000000
2006-11-29,46129,46129000000
2006-12-06,46431,46431000000
2006-12-13,46656,46656000000
2006-12-20,47728,47728000000
2006-12-27,49024,49024000000
2007-01-03,47986,47986000000
2007-01-10,46373,46373000000
2007-01-17,45724,45724000000
2007-01-24,45524,45524000000
2007-01-31,45772,45772000000
2007-02-07,45819,45819000000
2007-02-14,45639,45639000000
2007-02-21,45537,45537000000
2007-02-28,45719,45719000000
2007-03-07,45753,45753000000
2007-03-14,45567,45567000000
2007-03-21,45451,45451000000
2007-03-28,45583,45583000000
2007-04-04,46830,46830000000
2007-04-11,46345,46345000000
2007-04-18,46077,46077000000
2007-04-25,46293,46293000000
2007-05-02,46734,46734000000
2007-05-09,46694,46694000000
2007-05-16,46918,46918000000
2007-05-23,47259,47259000000
2007-05-30,47091,47091000000
2007-06-06,47149,47149000000
2007-06-13,46989,46989000000
2007-06-20,47051,47051000000
2007-06-27,47726,47726000000
2007-07-04,48356,48356000000
2007-07-11,47713,47713000000
2007-07-18,47472,47472000000
2007-07-25,47498,47498000000
2007-08-01,48077,48077000000
2007-08-08,48310,48310000000
2007-08-15,47724,47724000000
2007-08-22,47573,47573000000
2007-08-29,48060,48060000000
2007-09-05,48539,48539000000
2007-09-12,47867,47867000000
2007-09-19,47644,47644000000
2007-09-26,47752,47752000000
2007-10-03,48214,48214000000
2007-10-10,48336,48336000000
2007-10-17,47688,47688000000
2007-10-24,47497,47497000000
2007-10-31,47843,47843000000
2007-11-07,47986,47986000000
2007-11-14,48005,48005000000
2007-11-21,47499,47499000000
2007-11-28,47674,47674000000
2007-12-05,48104,48104000000
2007-12-12,48269,48269000000
2007-12-19,49330,49330000000
2007-12-26,50724,50724000000
2008-01-02,50157,50157000000
2008-01-09,48156,48156000000
2008-01-16,47408,47408000000
2008-01-23,47145,47145000000
2008-01-30,47252,47252000000
2008-02-06,47346,47346000000
2008-02-13,47230,47230000000
2008-02-20,47264,47264000000
2008-02-27,47170,47170000000
2008-03-05,47287,47287000000
2008-03-12,47179,47179000000
2008-03-19,47652,47652000000
2008-03-26,47418,47418000000
2008-04-02,47548,47548000000
2008-04-09,47491,47491000000
2008-04-16,47438,47438000000
2008-04-23,47594,47594000000
2008-04-30,48164,48164000000
2008-05-07,48310,48310000000
2008-05-14,48514,48514000000
2008-05-21,48917,48917000000
2008-05-28,48629,48629000000
2008-06-04,48853,48853000000
2008-06-11,48782,48782000000
2008-06-18,48799,48799000000
2008-06-25,49300,49300000000
2008-07-02,50176,50176000000
2008-07-09,49729,49729000000
2008-07-16,49444,49444000000
2008-07-23,49403,49403000000
2008-07-30,49911,49911000000
2008-08-06,50432,50432000000
2008-08-13,49875,49875000000
2008-08-20,49703,49703000000
2008-08-27,50082,50082000000
2008-09-03,50692,50692000000
2008-09-10,50142,50142000000
2008-09-17,49829,49829000000
2008-09-24,49833,49833000000
2008-10-01,50299,50299000000
2008-10-08,50598,50598000000
2008-10-15,50866,50866000000
2008-10-22,50522,50522000000
2008-10-29,50772,50772000000
2008-11-05,51116,51116000000
2008-11-12,51318,51318000000
2008-11-19,50909,50909000000
2008-11-26,51098,51098000000
2008-12-03,51576,51576000000
2008-12-10,51740,51740000000
2008-12-17,52269,52269000000
2008-12-24,54074,54074000000
2008-12-31,53731,53731000000
2009-01-07,52249,52249000000
2009-01-14,51272,51272000000
2009-01-21,50872,50872000000
2009-01-28,50952,50952000000
2009-02-04,51126,51126000000
2009-02-11,50957,50957000000
2009-02-18,51010,51010000000
2009-02-25,50885,50885000000
2009-03-04,51057,51057000000
2009-03-11,50870,50870000000
2009-03-18,50820,50820000000
2009-03-25,50799,50799000000
2009-04-01,51203,51203000000
2009-04-08,51913,51913000000
2009-04-15,51553,51553000000
2009-04-22,51342,51342000000
2009-04-29,51693,51693000000
2009-05-06,52036,52036000000
2009-05-13,52198,52198000000
2009-05-20,52428,52428000000
2009-05-27,52231,52231000000
2009-06-03,52414,52414000000
2009-06-10,52306,52306000000
2009-06-17,52207,52207000000
2009-06-24,52524,52524000000
2009-07-01,53503,53503000000
2009-07-08,53068,53068000000
2009-07-15,52794,52794000000
2009-07-22,52689,52689000000
2009-07-29,53088,53088000000
2009-08-05,53573,53573000000
2009-08-12,52901,52901000000
2009-08-19,52641,52641000000
2009-08-26,52830,52830000000
2009-09-02,53386,53386000000
2009-09-09,53658,53658000000
2009-09-16,52843,52843000000
2009-09-23,52722,52722000000
2009-09-30,53123,53123000000
2009-10-07,53433,53433000000
2009-10-14,53543,53543000000
2009-10-21,52953,52953000000
2009-10-28,52971,52971000000
2009-11-04,53224,53224000000
2009-11-11,53486,53486000000
2009-11-18,52930,52930000000
2009-11-25,52922,52922000000
2009-12-02,53395,53395000000
2009-12-09,53498,53498000000
2009-12-16,53851,53851000000
2009-12-23,55635,55635000000
2009-12-30,55830,55830000000
2010-01-06,54148,54148000000
2010-01-13,52948,52948000000
2010-01-20,52406,52406000000
2010-01-27,52484,52484000000
2010-02-03,52826,52826000000
2010-02-10,52755,52755000000
2010-02-17,52787,52787000000
2010-02-24,52583,52583000000
2010-03-03,52692,52692000000
2010-03-10,52394,52394000000
2010-03-17,52195,52195000000
2010-03-24,52136,52136000000
2010-03-31,53252,53252000000
2010-04-07,52996,52996000000
2010-04-14,52590,52590000000
2010-04-21,52500,52500000000
2010-04-28,52817,52817000000
2010-05-05,53195,53195000000
2010-05-12,53070,53070000000
2010-05-19,53289,53289000000
2010-05-26,53995,53995000000
2010-06-02,53990,53990000000
2010-06-09,53798,53798000000
2010-06-16,54216,54216000000
2010-06-23,54722,54722000000
2010-06-30,55274,55274000000
2010-07-07,54740,54740000000
2010-07-14,54394,54394000000
2010-07-21,54327,54327000000
2010-07-28,54748,54748000000
2010-08-04,55315,55315000000
2010-08-11,54671,54671000000
2010-08-18,54437,54437000000
2010-08-25,54499,54499000000
2010-09-01,55240,55240000000
2010-09-08,55495,55495000000
2010-09-15,54743,54743000000
2010-09-22,54557,54557000000
2010-09-29,54950,54950000000
2010-10-06,55318,55318000000
2010-10-13,55485,55485000000
2010-10-20,54942,54942000000
2010-10-27,54972,54972000000
2010-11-03,55272,55272000000
2010-11-10,55631,55631000000
2010-11-17,55051,55051000000
2010-11-24,54972,54972000000
2010-12-01,55437,55437000000
2010-12-08,55653,55653000000
2010-12-15,55969,55969000000
2010-12-22,57405,57405000000
2010-12-29,58295,58295000000
2011-01-05,56948,56948000000
2011-01-12,55280,55280000000
2011-01-19,54668,54668000000
2011-01-26,54600,54600000000
2011-02-02,54901,54901000000
2011-02-09,54686,54686000000
2011-02-16,54495,54495000000
2011-02-23,54724,54724000000
2011-03-02,54777,54777000000
2011-03-09,54502,54502000000
2011-03-16,54279,54279000000
2011-03-23,54189,54189000000
2011-03-30,54569,54569000000
2011-04-06,54780,54780000000
2011-04-13,54674,54674000000
2011-04-20,55422,55422000000
2011-04-27,55386,55386000000
2011-05-04,55488,55488000000
2011-05-11,55289,55289000000
2011-05-18,55481,55481000000
2011-05-25,56028,56028000000
2011-06-01,56080,56080000000
2011-06-08,56054,56054000000
2011-06-15,55995,55995000000
2011-06-22,56234,56234000000
2011-06-29,57300,57300000000
2011-07-06,57201,57201000000
2011-07-13,56809,56809000000
2011-07-20,56708,56708000000
2011-07-27,56986,56986000000
2011-08-03,57643,57643000000
2011-08-10,57027,57027000000
2011-08-17,56813,56813000000
2011-08-24,56900,56900000000
2011-08-31,57659,57659000000
2011-09-07,58001,58001000000
2011-09-14,57129,57129000000
2011-09-21,56926,56926000000
2011-09-28,57205,57205000000
2011-10-05,57800,57800000000
2011-10-12,58001,58001000000
2011-10-19,57499,57499000000
2011-10-26,57490,57490000000
2011-11-02,57893,57893000000
2011-11-09,58241,58241000000
2011-11-16,58204,58204000000
2011-11-23,57948,57948000000
2011-11-30,58442,58442000000
2011-12-07,58727,58727000000
2011-12-14,58869,58869000000
2011-12-21,60095,60095000000
2011-12-28,61225,61225000000
2012-01-04,60146,60146000000
2012-01-11,58422,58422000000
2012-01-18,57768,57768000000
2012-01-25,57557,57557000000
2012-02-01,57785,57785000000
2012-02-08,57634,57634000000
2012-02-15,57372,57372000000
2012-02-22,57534,57534000000
2012-02-29,57528,57528000000
2012-03-07,57543,57543000000
2012-03-14,57291,57291000000
2012-03-21,57152,57152000000
2012-03-28,57703,57703000000
2012-04-04,58741,58741000000
2012-04-11,58333,58333000000
2012-04-18,58025,58025000000
2012-04-25,58057,58057000000
2012-05-02,58519,58519000000
2012-05-09,58579,58579000000
2012-05-16,58748,58748000000
2012-05-23,59188,59188000000
2012-05-30,59159,59159000000
2012-06-06,59362,59362000000
2012-06-13,59239,59239000000
2012-06-20,59336,59336000000
2012-06-27,60007,60007000000
2012-07-04,60601,60601000000
2012-07-11,60097,60097000000
2012-07-18,59891,59891000000
2012-07-25,59853,59853000000
2012-08-01,60448,60448000000
2012-08-08,60719,60719000000
2012-08-15,60065,60065000000
2012-08-22,59869,59869000000
2012-08-29,60308,60308000000
2012-09-05,60863,60863000000
2012-09-12,60206,60206000000
2012-09-19,59886,59886000000
2012-09-26,60049,60049000000
2012-10-03,60605,60605000000
2012-10-10,60719,60719000000
2012-10-17,60170,60170000000
2012-10-24,60056,60056000000
2012-10-31,60529,60529000000
2012-11-07,60662,60662000000
2012-11-14,60792,60792000000
2012-11-21,60481,60481000000
2012-11-28,60660,60660000000
2012-12-05,61047,61047000000
2012-12-12,61476,61476000000
2012-12-19,62299,62299000000
2012-12-26,63508,63508000000
2013-01-02,63432,63432000000
2013-01-09,61397,61397000000
2013-01-16,60288,60288000000
2013-01-23,59993,59993000000
2013-01-30,60235,60235000000
2013-02-06,60319,60319000000
2013-02-13,60200,60200000000
2013-02-20,60210,60210000000
2013-02-27,60142,60142000000
2013-03-06,60297,60297000000
2013-03-13,60093,60093000000
2013-03-20,60000,60000000000
2013-03-27,60849,60849000000
2013-04-03,60894,60894000000
2013-04-10,60691,60691000000
2013-04-17,60543,60543000000
2013-04-24,60714,60714000000
2013-05-01,61316,61316000000
2013-05-08,61506,61506000000
2013-05-15,61601,61601000000
2013-05-22,61942,61942000000
2013-05-29,61854,61854000000
2013-06-05,62099,62099000000
2013-06-12,62012,62012000000
2013-06-19,62089,62089000000
2013-06-26,62747,62747000000
2013-07-03,63381,63381000000
2013-07-10,62942,62942000000
2013-07-17,62676,62676000000
2013-07-24,62619,62619000000
2013-07-31,63252,63252000000
2013-08-07,63627,63627000000
2013-08-14,63057,63057000000
2013-08-21,62863,62863000000
2013-08-28,63330,63330000000
2013-09-04,63964,63964000000
2013-09-11,63346,63346000000
2013-09-18,62965,62965000000
2013-09-25,63047,63047000000
2013-10-02,63453,63453000000
2013-10-09,63627,63627000000
2013-10-16,63741,63741000000
2013-10-23,63311,63311000000
2013-10-30,63578,63578000000
2013-11-06,63871,63871000000
2013-11-13,63938,63938000000
2013-11-20,63565,63565000000
2013-11-27,63958,63958000000
2013-12-04,64246,64246000000
2013-12-11,64328,64328000000
2013-12-18,65300,65300000000
2013-12-25,67078,67078000000
2014-01-01,66616,66616000000
2014-01-08,64740,64740000000
2014-01-15,63764,63764000000
2014-01-22,63404,63404000000
2014-01-29,63511,63511000000
2014-02-05,63726,63726000000
2014-02-12,63656,63656000000
2014-02-19,63716,63716000000
2014-02-26,63560,63560000000
2014-03-05,63726,63726000000
2014-03-12,63515,63515000000
2014-03-19,63417,63417000000
2014-03-26,63581,63581000000
2014-04-02,64084,64084000000
2014-04-09,64129,64129000000
2014-04-16,64742,64742000000
2014-04-23,64605,64605000000
2014-04-30,64858,64858000000
2014-05-07,64946,64946000000
2014-05-14,65117,65117000000
2014-05-21,65430,65430000000
2014-05-28,65396,65396000000
2014-06-04,65597,65597000000
2014-06-11,65545,65545000000
2014-06-18,65538,65538000000
2014-06-25,66199,66199000000
2014-07-02,66985,66985000000
2014-07-09,66487,66487000000
2014-07-16,66162,66162000000
2014-07-23,66158,66158000000
2014-07-30,66739,66739000000
2014-08-06,67141,67141000000
2014-08-13,66726,66726000000
2014-08-20,66480,66480000000
2014-08-27,66922,66922000000
2014-09-03,67514,67514000000
2014-09-10,66877,66877000000
2014-09-17,66637,66637000000
2014-09-24,66683,66683000000
2014-10-01,67095,67095000000
2014-10-08,67339,67339000000
2014-10-15,67475,67475000000
2014-10-22,67012,67012000000
2014-10-29,67233,67233000000
2014-11-05,67479,67479000000
2014-11-12,67718,67718000000
2014-11-19,67201,67201000000
2014-11-26,67388,67388000000
2014-12-03,67799,67799000000
2014-12-10,67885,67885000000
2014-12-17,68669,68669000000
2014-12-24,70524,70524000000
2014-12-31,70024,70024000000
2015-01-07,68418,68418000000
2015-01-14,67330,67330000000
2015-01-21,66982,66982000000
2015-01-28,67141,67141000000
2015-02-04,67499,67499000000
2015-02-11,67531,67531000000
2015-02-18,67539,67539000000
2015-02-25,67517,67517000000
2015-03-04,67695,67695000000
2015-03-11,67513,67513000000
2015-03-18,67513,67513000000
2015-03-25,67716,67716000000
2015-04-01,68754,68754000000
2015-04-08,68491,68491000000
2015-04-15,68166,68166000000
2015-04-22,68282,68282000000
2015-04-29,68815,68815000000
2015-05-06,69122,69122000000
2015-05-13,69258,69258000000
2015-05-20,69597,69597000000
2015-05-27,69537,69537000000
2015-06-03,69953,69953000000
2015-06-10,69945,69945000000
2015-06-17,69980,69980000000
2015-06-24,70471,70471000000
2015-07-01,71428,71428000000
2015-07-08,71095,71095000000
2015-07-15,70863,70863000000
2015-07-22,70984,70984000000
2015-07-29,71583,71583000000
2015-08-05,72183,72183000000
2015-08-12,71742,71742000000
2015-08-19,71432,71432000000
2015-08-26,71718,71718000000
2015-09-02,72330,72330000000
2015-09-09,72715,72715000000
2015-09-16,72048,72048000000
2015-09-23,71956,71956000000
2015-09-30,72391,72391000000
2015-10-07,72683,72683000000
2015-10-14,72764,72764000000
2015-10-21,72325,72325000000
2015-10-28,72519,72519000000
2015-11-04,72710,72710000000
2015-11-11,73033,73033000000
2015-11-18,72560,72560000000
2015-11-25,72653,72653000000
2015-12-02,73161,73161000000
2015-12-09,73245,73245000000
2015-12-16,73770,73770000000
2015-12-23,75611,75611000000
2015-12-30,75926,75926000000
2016-01-06,74177,74177000000
2016-01-13,72962,72962000000
2016-01-20,72596,72596000000
2016-01-27,72808,72808000000
2016-02-03,73028,73028000000
2016-02-10,72962,72962000000
2016-02-17,72936,72936000000
2016-02-24,72756,72756000000
2016-03-02,72983,72983000000
2016-03-09,72894,72894000000
2016-03-16,72765,72765000000
2016-03-23,73510,73510000000
2016-03-30,73579,73579000000
2016-04-06,73542,73542000000
2016-04-13,73428,73428000000
2016-04-20,73536,73536000000
2016-04-27,73919,73919000000
2016-05-04,74347,74347000000
2016-05-11,74443,74443000000
2016-05-18,74696,74696000000
2016-05-25,75297,75297000000
2016-06-01,75452,75452000000
2016-06-08,75376,75376000000
2016-06-15,75144,75144000000
2016-06-22,75355,75355000000
2016-06-29,76538,76538000000
2016-07-06,76326,76326000000
2016-07-13,75943,75943000000
2016-07-20,75926,75926000000
2016-07-27,76541,76541000000
2016-08-03,76983,76983000000
2016-08-10,76521,76521000000
2016-08-17,76248,76248000000
2016-08-24,76285,76285000000
2016-08-31,76963,76963000000
2016-09-07,77320,77320000000
2016-09-14,76635,76635000000
2016-09-21,76389,76389000000
2016-09-28,76815,76815000000
2016-10-05,77272,77272000000
2016-10-12,77490,77490000000
2016-10-19,76941,76941000000
2016-10-26,77063,77063000000
2016-11-02,77355,77355000000
2016-11-09,77766,77766000000
2016-11-16,77312,77312000000
2016-11-23,77329,77329000000
2016-11-30,77727,77727000000
2016-12-07,78043,78043000000
2016-12-14,78407,78407000000
2016-12-21,79593,79593000000
2016-12-28,80619,80619000000
2017-01-04,79701,79701000000
2017-01-11,77925,77925000000
2017-01-18,77259,77259000000
2017-01-25,77162,77162000000
2017-02-01,77410,77410000000
2017-02-08,77278,77278000000
2017-02-15,77162,77162000000
2017-02-22,77273,77273000000
2017-03-01,77385,77385000000
2017-03-08,77218,77218000000
2017-03-15,77079,77079000000
2017-03-22,77020,77020000000
2017-03-29,77599,77599000000
2017-04-05,78107,78107000000
2017-04-12,78843,78843000000
2017-04-19,78647,78647000000
2017-04-26,78725,78725000000
2017-05-03,79364,79364000000
2017-05-10,79629,79629000000
2017-05-17,79800,79800000000
2017-05-24,80509,80509000000
2017-05-31,80665,80665000000
2017-06-07,80788,80788000000
2017-06-14,80789,80789000000
2017-06-21,81003,81003000000
2017-06-28,81884,81884000000
2017-07-05,82455,82455000000
2017-07-12,82041,82041000000
2017-07-19,81889,81889000000
2017-07-26,81934,81934000000
2017-08-02,82420,82420000000
2017-08-09,82475,82475000000
2017-08-16,81867,81867000000
2017-08-23,81737,81737000000
2017-08-30,82336,82336000000
2017-09-06,82686,82686000000
2017-09-13,81958,81958000000
2017-09-20,81651,81651000000
2017-09-27,81924,81924000000
2017-10-04,82409,82409000000
2017-10-11,82822,82822000000
2017-10-18,82683,82683000000
2017-10-25,82528,82528000000
2017-11-01,82507,82507000000
2017-11-08,82600,82600000000
2017-11-15,82691,82691000000
2017-11-22,82373,82373000000
2017-11-29,82515,82515000000
2017-12-06,82840,82840000000
2017-12-13,83204,83204000000
2017-12-20,84462,84462000000
2017-12-27,85775,85775000000
2018-01-03,85226,85226000000
2018-01-10,83219,83219000000
2018-01-17,82193,82193000000
2018-01-24,81831,81831000000
2018-01-31,82037,82037000000
2018-02-07,81996,81996000000
2018-02-14,82031,82031000000
2018-02-21,82082,82082000000
2018-02-28,81984,81984000000
2018-03-07,81845,81845000000
2018-03-14,81706,81706000000
2018-03-21,81811,81811000000
2018-03-28,82964,82964000000
2018-04-04,82866,82866000000
2018-04-11,82627,82627000000
2018-04-18,82584,82584000000
2018-04-25,82838,82838000000
2018-05-02,83262,83262000000
2018-05-09,83409,83409000000
2018-05-16,83847,83847000000
2018-05-23,84324,84324000000
2018-05-30,84390,84390000000
2018-06-06,84498,84498000000
2018-06-13,84386,84386000000
2018-06-20,84601,84601000000
2018-06-27,85551,85551000000
2018-07-04,86201,86201000000
2018-07-11,85689,85689000000
2018-07-18,85507,85507000000
2018-07-25,85784,85784000000
2018-08-01,86701,86701000000
2018-08-08,87093,87093000000
2018-08-15,87014,87014000000
2018-08-22,86865,86865000000
2018-08-29,87565,87565000000
2018-09-05,88225,88225000000
2018-09-12,88235,88235000000
2018-09-19,87833,87833000000
2018-09-26,88042,88042000000
2018-10-03,88008,88008000000
2018-10-10,87905,87905000000
2018-10-17,87105,87105000000
2018-10-24,86517,86517000000
2018-10-31,86839,86839000000
2018-11-07,86944,86944000000
2018-11-14,86904,86904000000
2018-11-21,86760,86760000000
2018-11-28,86982,86982000000
2018-12-05,87277,87277000000
2018-12-12,87430,87430000000
2018-12-19,88702,88702000000
2018-12-26,89912,89912000000
2019-01-02,90028,90028000000
2019-01-09,88317,88317000000
2019-01-16,87010,87010000000
2019-01-23,86393,86393000000
2019-01-30,86444,86444000000
2019-02-06,86431,86431000000
2019-02-13,86433,86433000000
2019-02-20,86516,86516000000
2019-02-27,86314,86314000000
2019-03-06,86249,86249000000
2019-03-13,86206,86206000000
2019-03-20,85993,85993000000
2019-03-27,86387,86387000000
2019-04-03,86791,86791000000
2019-04-10,86943,86943000000
2019-04-17,87818,87818000000
2019-04-24,87693,87693000000
2019-05-01,87794,87794000000
2019-05-08,88103,88103000000
2019-05-15,88542,88542000000
2019-05-22,88917,88917000000
2019-05-29,88711,88711000000
2019-06-05,88939,88939000000
2019-06-12,88963,88963000000
2019-06-19,89026,89026000000
2019-06-26,90023,90023000000
2019-07-03,90524,90524000000
2019-07-10,90014,90014000000
2019-07-17,89616,89616000000
2019-07-24,89671,89671000000
2019-07-31,90468,90468000000
2019-08-07,90653,90653000000
2019-08-14,89917,89917000000
2019-08-21,89685,89685000000
2019-08-28,90461,90461000000
2019-09-04,90995,90995000000
2019-09-11,90172,90172000000
2019-09-18,89621,89621000000
2019-09-25,89851,89851000000
2019-10-02,89857,89857000000
2019-10-09,90266,90266000000
2019-10-16,90212,90212000000
2019-10-23,89828,89828000000
2019-10-30,90028,90028000000
2019-11-06,90333,90333000000
2019-11-13,90129,90129000000
2019-11-20,89789,89789000000
2019-11-27,90080,90080000000
2019-12-04,90423,90423000000
2019-12-11,90543,90543000000
2019-12-18,91524,91524000000
2019-12-25,93086,93086000000
2020-01-01,93094,93094000000
2020-01-08,91486,91486000000
2020-01-15,90109,90109000000
2020-01-22,89389,89389000000
2020-01-29,89367,89367000000
2020-02-05,89413,89413000000
2020-02-12,89276,89276000000
2020-02-19,89222,89222000000
2020-02-26,89126,89126000000
2020-03-04,89204,89204000000
2020-03-11,89043,89043000000
2020-03-18,90005,90005000000
2020-03-25,91538,91538000000
2020-04-01,92131,92131000000
2020-04-08,92502,92502000000
2020-04-15,92930,92930000000
2020-04-22,93235,93235000000
2020-04-29,93777,93777000000
2020-05-06,94749,94749000000
2020-05-13,95395,95395000000
2020-05-20,96141,96141000000
2020-05-27,96718,96718000000
2020-06-03,97507,97507000000
2020-06-10,97981,97981000000
2020-06-17,98438,98438000000
2020-06-24,99114,99114000000
2020-07-01,100066,1.00066E+11
2020-07-08,100550,1.0055E+11
2020-07-15,100750,1.0075E+11
2020-07-22,101104,1.01104E+11
2020-07-29,101755,1.01755E+11
2020-08-05,102178,1.02178E+11
2020-08-12,102100,1.021E+11
2020-08-19,102025,1.02025E+11
2020-08-26,102189,1.02189E+11
2020-09-02,102618,1.02618E+11
2020-09-09,103016,1.03016E+11
2020-09-16,102799,1.02799E+11
2020-09-23,102740,1.0274E+11
2020-09-30,102984,1.02984E+11
2020-10-07,103428,1.03428E+11
2020-10-14,103651,1.03651E+11
2020-10-21,103336,1.03336E+11
2020-10-28,103495,1.03495E+11
2020-11-04,103857,1.03857E+11
2020-11-11,104241,1.04241E+11
2020-11-18,104202,1.04202E+11
2020-11-25,104175,1.04175E+11
2020-12-02,104572,1.04572E+11
2020-12-09,104915,1.04915E+11
